{"Xception+LSTM": {"Accuracy": 67.66467065868264, "Precision": 67.68387800082178, "Recall": 67.66467065868264, "F1 Score": 67.67400473082134}, "Xception+CNN": {"Accuracy": 87.82435129740519, "Precision": 87.9965542081978, "Recall": 87.82435129740519, "F1 Score": 87.85978554005524}, "Xception+GRU": {"Accuracy": 67.36526946107784, "Precision": 67.20716362265581, "Recall": 67.36526946107784, "F1 Score": 67.26186641076858}, "Xception+BiLSTM": {"Accuracy": 71.15768463073853, "Precision": 71.13307129871713, "Recall": 71.15768463073853, "F1 Score": 71.1447372306827}}